{"cameraMode":{"drawMode":0,"name":"Shaded","section":"Shading Mode"},"sceneLighting":true,"audioPlay":false,"sceneViewState":{"m_AlwaysRefresh":false,"showFog":true,"showSkybox":true,"showFlares":true,"showImageEffects":true,"showParticleSystems":true,"showVisualEffectGraphs":true,"m_FxEnabled":true},"in2DMode":false,"pivot":{"x":-0.30459311604499819,"y":0.17074695229530335,"z":-0.0719694197177887},"rotation":{"x":-0.10650692135095597,"y":0.8463178873062134,"z":-0.1846461147069931,"w":-0.4881708025932312},"size":0.9931742548942566,"orthographic":false}