{"cameraMode":{"drawMode":0,"name":"Shaded","section":"Shading Mode"},"sceneLighting":true,"audioPlay":false,"sceneViewState":{"m_AlwaysRefresh":false,"showFog":true,"showSkybox":true,"showFlares":true,"showImageEffects":true,"showParticleSystems":true,"showVisualEffectGraphs":true,"m_FxEnabled":true},"in2DMode":false,"pivot":{"x":0.05942825973033905,"y":-0.018944144248962404,"z":0.04136471450328827},"rotation":{"x":-0.15784862637519837,"y":-0.3300786316394806,"z":0.05608535185456276,"w":-0.9289731383323669},"size":0.24292606115341187,"orthographic":false}