{"cameraMode":{"drawMode":0,"name":"Shaded","section":"Shading Mode"},"sceneLighting":false,"audioPlay":false,"sceneViewState":{"m_AlwaysRefresh":false,"showFog":true,"showSkybox":false,"showFlares":true,"showImageEffects":true,"showParticleSystems":true,"showVisualEffectGraphs":true,"m_FxEnabled":true},"in2DMode":false,"pivot":{"x":0.028082165867090226,"y":0.074692502617836,"z":-0.010655991733074189},"rotation":{"x":-0.0021989131346344949,"y":-0.991388738155365,"z":0.1310291737318039,"w":-0.015003007836639882},"size":0.22761908173561097,"orthographic":false}